Contact Session ID,EP Name,Flow Name,Activity Name,Activity Start Timestamp,Queue Name,Agent Name,Termination Reason
c5c90971-aa3c-476e-b13f-3d7421db388f,Main Number Telephony EP,,,2025-03-19 11:16:15,,,
c5c90971-aa3c-476e-b13f-3d7421db388f,,LACMain,,2025-03-19 11:16:15,,,
c5c90971-aa3c-476e-b13f-3d7421db388f,Main Number Telephony EP,,LanguageSelectionMenu,2025-03-19 11:16:15,,,
c5c90971-aa3c-476e-b13f-3d7421db388f,Main Number Telephony EP,LACMain,,2025-03-19 11:16:15,,,
c5c90971-aa3c-476e-b13f-3d7421db388f,Main Number Telephony EP,,MainMenu,2025-03-19 11:16:25,,,
c5c90971-aa3c-476e-b13f-3d7421db388f,Main Number Telephony EP,,ComplimentOrComplaintMenu,2025-03-19 11:17:15,,,
c5c90971-aa3c-476e-b13f-3d7421db388f,Main Number Telephony EP,,FrontDeskTransfer2,2025-03-19 11:17:31,,,
c5c90971-aa3c-476e-b13f-3d7421db388f,,,,2025-03-19 11:17:31,Front Desk Transfer,,
c5c90971-aa3c-476e-b13f-3d7421db388f,Main Number Telephony EP,,,2025-03-19 11:17:31,,,
c5c90971-aa3c-476e-b13f-3d7421db388f,Main Number Telephony EP,,,2025-03-19 11:17:31,Front Desk Transfer,CBT Agent,
c5c90971-aa3c-476e-b13f-3d7421db388f,Main Number Telephony EP,,,2025-03-19 11:17:34,Front Desk Transfer,CBT Agent,
c5c90971-aa3c-476e-b13f-3d7421db388f,Main Number Telephony EP,,,2025-03-19 11:18:24,Front Desk Transfer,CBT Agent,Customer Left
00b976b5-8d07-4e0e-9fe8-dfb1ef8c0a68,Main Number Telephony EP,,,2025-03-19 11:30:22,,,
00b976b5-8d07-4e0e-9fe8-dfb1ef8c0a68,,LACMain,,2025-03-19 11:30:22,,,
00b976b5-8d07-4e0e-9fe8-dfb1ef8c0a68,Main Number Telephony EP,,LanguageSelectionMenu,2025-03-19 11:30:22,,,
00b976b5-8d07-4e0e-9fe8-dfb1ef8c0a68,Main Number Telephony EP,LACMain,,2025-03-19 11:30:22,,,
00b976b5-8d07-4e0e-9fe8-dfb1ef8c0a68,Main Number Telephony EP,,MainMenu,2025-03-19 11:30:29,,,
00b976b5-8d07-4e0e-9fe8-dfb1ef8c0a68,Main Number Telephony EP,,ComplimentOrComplaintMenu,2025-03-19 11:31:22,,,
00b976b5-8d07-4e0e-9fe8-dfb1ef8c0a68,Main Number Telephony EP,,FrontDeskTransfer2,2025-03-19 11:31:45,,,
00b976b5-8d07-4e0e-9fe8-dfb1ef8c0a68,,,,2025-03-19 11:31:45,Front Desk Transfer,,
00b976b5-8d07-4e0e-9fe8-dfb1ef8c0a68,Main Number Telephony EP,,,2025-03-19 11:31:45,,,
00b976b5-8d07-4e0e-9fe8-dfb1ef8c0a68,Main Number Telephony EP,,,2025-03-19 11:31:46,Front Desk Transfer,CBT Agent,
00b976b5-8d07-4e0e-9fe8-dfb1ef8c0a68,Main Number Telephony EP,,,2025-03-19 11:31:48,Front Desk Transfer,CBT Agent,
00b976b5-8d07-4e0e-9fe8-dfb1ef8c0a68,Main Number Telephony EP,,,2025-03-19 11:34:36,Front Desk Transfer,CBT Agent,Customer Left
70572a11-4fed-481d-b98d-23e54cf4e8b6,Main Number Telephony EP,,,2025-03-19 14:52:22,,,
70572a11-4fed-481d-b98d-23e54cf4e8b6,,LACMain,,2025-03-19 14:52:22,,,
70572a11-4fed-481d-b98d-23e54cf4e8b6,Main Number Telephony EP,,LanguageSelectionMenu,2025-03-19 14:52:22,,,
70572a11-4fed-481d-b98d-23e54cf4e8b6,Main Number Telephony EP,LACMain,,2025-03-19 14:52:22,,,
70572a11-4fed-481d-b98d-23e54cf4e8b6,Main Number Telephony EP,,LanguageSelectionMenu,2025-03-19 14:52:41,,,
70572a11-4fed-481d-b98d-23e54cf4e8b6,Main Number Telephony EP,,MainMenu,2025-03-19 14:52:51,,,
70572a11-4fed-481d-b98d-23e54cf4e8b6,Main Number Telephony EP,,ComplimentOrComplaintMenu,2025-03-19 14:53:36,,,
70572a11-4fed-481d-b98d-23e54cf4e8b6,Main Number Telephony EP,,FrontDeskTransfer2,2025-03-19 14:53:54,,,
70572a11-4fed-481d-b98d-23e54cf4e8b6,,,,2025-03-19 14:53:54,Front Desk Transfer,,
70572a11-4fed-481d-b98d-23e54cf4e8b6,Main Number Telephony EP,,,2025-03-19 14:53:54,,,
70572a11-4fed-481d-b98d-23e54cf4e8b6,Main Number Telephony EP,,,2025-03-19 14:53:54,Front Desk Transfer,CBT Agent,
70572a11-4fed-481d-b98d-23e54cf4e8b6,Main Number Telephony EP,,,2025-03-19 14:54:13,Front Desk Transfer,CBT Agent,
70572a11-4fed-481d-b98d-23e54cf4e8b6,Main Number Telephony EP,,,2025-03-19 15:03:07,Front Desk Transfer,CBT Agent,Customer Left
5ba63c6c-8ba9-4be8-b3da-05ca0f311e83,Main Number Telephony EP,,,2025-03-21 11:12:18,,,
5ba63c6c-8ba9-4be8-b3da-05ca0f311e83,,LACMain,,2025-03-21 11:12:18,,,
5ba63c6c-8ba9-4be8-b3da-05ca0f311e83,Main Number Telephony EP,,LanguageSelectionMenu,2025-03-21 11:12:18,,,
5ba63c6c-8ba9-4be8-b3da-05ca0f311e83,Main Number Telephony EP,LACMain,,2025-03-21 11:12:18,,,
5ba63c6c-8ba9-4be8-b3da-05ca0f311e83,Main Number Telephony EP,,LanguageSelectionMenu,2025-03-21 11:12:36,,,
5ba63c6c-8ba9-4be8-b3da-05ca0f311e83,Main Number Telephony EP,,MainMenu,2025-03-21 11:12:48,,,
5ba63c6c-8ba9-4be8-b3da-05ca0f311e83,Main Number Telephony EP,,ComplimentOrComplaintMenu,2025-03-21 11:13:48,,,
5ba63c6c-8ba9-4be8-b3da-05ca0f311e83,Main Number Telephony EP,,FrontDeskTransfer2,2025-03-21 11:14:05,,,
5ba63c6c-8ba9-4be8-b3da-05ca0f311e83,,,,2025-03-21 11:14:05,Front Desk Transfer,,
5ba63c6c-8ba9-4be8-b3da-05ca0f311e83,Main Number Telephony EP,,,2025-03-21 11:14:05,,,
5ba63c6c-8ba9-4be8-b3da-05ca0f311e83,Main Number Telephony EP,,,2025-03-21 11:14:05,Front Desk Transfer,CBT Agent,
5ba63c6c-8ba9-4be8-b3da-05ca0f311e83,Main Number Telephony EP,,,2025-03-21 11:14:16,Front Desk Transfer,CBT Agent,
5ba63c6c-8ba9-4be8-b3da-05ca0f311e83,Main Number Telephony EP,,,2025-03-21 11:23:28,Front Desk Transfer,CBT Agent,Customer Left
82f644ee-31c5-42f0-a39b-b0230ef1213f,Main Number Telephony EP,,,2025-03-21 11:42:46,,,
82f644ee-31c5-42f0-a39b-b0230ef1213f,,LACMain,,2025-03-21 11:42:47,,,
82f644ee-31c5-42f0-a39b-b0230ef1213f,Main Number Telephony EP,,LanguageSelectionMenu,2025-03-21 11:42:47,,,
82f644ee-31c5-42f0-a39b-b0230ef1213f,Main Number Telephony EP,LACMain,,2025-03-21 11:42:47,,,
82f644ee-31c5-42f0-a39b-b0230ef1213f,Main Number Telephony EP,,MainMenu,2025-03-21 11:42:56,,,
82f644ee-31c5-42f0-a39b-b0230ef1213f,Main Number Telephony EP,,ComplimentOrComplaintMenu,2025-03-21 11:43:48,,,
82f644ee-31c5-42f0-a39b-b0230ef1213f,Main Number Telephony EP,,FrontDeskTransfer2,2025-03-21 11:44:11,,,
82f644ee-31c5-42f0-a39b-b0230ef1213f,,,,2025-03-21 11:44:11,Front Desk Transfer,,
82f644ee-31c5-42f0-a39b-b0230ef1213f,Main Number Telephony EP,,,2025-03-21 11:44:11,,,
82f644ee-31c5-42f0-a39b-b0230ef1213f,Main Number Telephony EP,,,2025-03-21 11:44:11,Front Desk Transfer,CBT Agent,
82f644ee-31c5-42f0-a39b-b0230ef1213f,Main Number Telephony EP,,,2025-03-21 11:44:16,Front Desk Transfer,CBT Agent,
82f644ee-31c5-42f0-a39b-b0230ef1213f,Main Number Telephony EP,,,2025-03-21 11:47:52,Front Desk Transfer,CBT Agent,Customer Left
5b4416c5-1087-4e6f-9332-b0a5ff1bfb34,Main Number Telephony EP,,,2025-03-31 08:28:16,,,
5b4416c5-1087-4e6f-9332-b0a5ff1bfb34,,LACMain,,2025-03-31 08:28:16,,,
5b4416c5-1087-4e6f-9332-b0a5ff1bfb34,Main Number Telephony EP,,LanguageSelectionMenu,2025-03-31 08:28:16,,,
5b4416c5-1087-4e6f-9332-b0a5ff1bfb34,Main Number Telephony EP,LACMain,,2025-03-31 08:28:16,,,
5b4416c5-1087-4e6f-9332-b0a5ff1bfb34,Main Number Telephony EP,,MainMenu,2025-03-31 08:28:29,,,
5b4416c5-1087-4e6f-9332-b0a5ff1bfb34,Main Number Telephony EP,,ComplimentOrComplaintMenu,2025-03-31 08:28:40,,,
5b4416c5-1087-4e6f-9332-b0a5ff1bfb34,Main Number Telephony EP,,,2025-03-31 08:28:53,,,Customer Left
f0842884-c52d-4a5f-86a1-b93c0bfb4ea3,Main Number Telephony EP,,,2025-03-31 09:19:53,,,
f0842884-c52d-4a5f-86a1-b93c0bfb4ea3,,LACMain,,2025-03-31 09:19:53,,,
f0842884-c52d-4a5f-86a1-b93c0bfb4ea3,Main Number Telephony EP,,LanguageSelectionMenu,2025-03-31 09:19:53,,,
f0842884-c52d-4a5f-86a1-b93c0bfb4ea3,Main Number Telephony EP,LACMain,,2025-03-31 09:19:53,,,
f0842884-c52d-4a5f-86a1-b93c0bfb4ea3,Main Number Telephony EP,,MainMenu,2025-03-31 09:20:01,,,
f0842884-c52d-4a5f-86a1-b93c0bfb4ea3,Main Number Telephony EP,,ComplimentOrComplaintMenu,2025-03-31 09:20:56,,,
f0842884-c52d-4a5f-86a1-b93c0bfb4ea3,Main Number Telephony EP,,FrontDeskTransfer2,2025-03-31 09:21:19,,,
f0842884-c52d-4a5f-86a1-b93c0bfb4ea3,,,,2025-03-31 09:21:19,Front Desk Transfer,,
f0842884-c52d-4a5f-86a1-b93c0bfb4ea3,Main Number Telephony EP,,,2025-03-31 09:21:19,,,
f0842884-c52d-4a5f-86a1-b93c0bfb4ea3,Main Number Telephony EP,,,2025-03-31 09:21:19,Front Desk Transfer,CBT Agent,
f0842884-c52d-4a5f-86a1-b93c0bfb4ea3,Main Number Telephony EP,,,2025-03-31 09:21:22,Front Desk Transfer,CBT Agent,
f0842884-c52d-4a5f-86a1-b93c0bfb4ea3,Main Number Telephony EP,,,2025-03-31 09:26:39,Front Desk Transfer,CBT Agent,Customer Left
3a24625a-861f-44f0-b2d1-ea2331172436,Main Number Telephony EP,,,2025-03-31 14:21:39,,,
3a24625a-861f-44f0-b2d1-ea2331172436,,LACMain,,2025-03-31 14:21:39,,,
3a24625a-861f-44f0-b2d1-ea2331172436,Main Number Telephony EP,,LanguageSelectionMenu,2025-03-31 14:21:39,,,
3a24625a-861f-44f0-b2d1-ea2331172436,Main Number Telephony EP,LACMain,,2025-03-31 14:21:39,,,
3a24625a-861f-44f0-b2d1-ea2331172436,Main Number Telephony EP,,MainMenu,2025-03-31 14:21:48,,,
3a24625a-861f-44f0-b2d1-ea2331172436,Main Number Telephony EP,,ComplimentOrComplaintMenu,2025-03-31 14:22:40,,,
3a24625a-861f-44f0-b2d1-ea2331172436,Main Number Telephony EP,,FrontDeskTransfer2,2025-03-31 14:23:03,,,
3a24625a-861f-44f0-b2d1-ea2331172436,,,,2025-03-31 14:23:03,Front Desk Transfer,,
3a24625a-861f-44f0-b2d1-ea2331172436,Main Number Telephony EP,,,2025-03-31 14:23:03,,,
3a24625a-861f-44f0-b2d1-ea2331172436,Main Number Telephony EP,,,2025-03-31 14:23:03,Front Desk Transfer,CBT Agent,
3a24625a-861f-44f0-b2d1-ea2331172436,Main Number Telephony EP,,,2025-03-31 14:23:07,Front Desk Transfer,CBT Agent,
3a24625a-861f-44f0-b2d1-ea2331172436,Main Number Telephony EP,,,2025-03-31 14:25:06,Front Desk Transfer,CBT Agent,Customer Left
3e69fa93-e86f-4b47-ae35-8de737d41031,Main Number Telephony EP,,,2025-04-03 08:44:32,,,
3e69fa93-e86f-4b47-ae35-8de737d41031,,LACMain,,2025-04-03 08:44:33,,,
3e69fa93-e86f-4b47-ae35-8de737d41031,Main Number Telephony EP,,LanguageSelectionMenu,2025-04-03 08:44:33,,,
3e69fa93-e86f-4b47-ae35-8de737d41031,Main Number Telephony EP,LACMain,,2025-04-03 08:44:33,,,
3e69fa93-e86f-4b47-ae35-8de737d41031,Main Number Telephony EP,,MainMenu,2025-04-03 08:44:43,,,
3e69fa93-e86f-4b47-ae35-8de737d41031,Main Number Telephony EP,,ComplimentOrComplaintMenu,2025-04-03 08:45:28,,,
3e69fa93-e86f-4b47-ae35-8de737d41031,Main Number Telephony EP,,FrontDeskTransfer2,2025-04-03 08:45:45,,,
3e69fa93-e86f-4b47-ae35-8de737d41031,,,,2025-04-03 08:45:45,Front Desk Transfer,,
3e69fa93-e86f-4b47-ae35-8de737d41031,Main Number Telephony EP,,,2025-04-03 08:45:45,,,
3e69fa93-e86f-4b47-ae35-8de737d41031,Main Number Telephony EP,,,2025-04-03 08:45:45,Front Desk Transfer,CBT Agent,
3e69fa93-e86f-4b47-ae35-8de737d41031,Main Number Telephony EP,,,2025-04-03 08:45:48,Front Desk Transfer,CBT Agent,
3e69fa93-e86f-4b47-ae35-8de737d41031,Main Number Telephony EP,,,2025-04-03 08:54:55,Front Desk Transfer,CBT Agent,Customer Left
1562d3a2-398c-4004-b0e1-7f6cdf6879a3,Main Number Telephony EP,,,2025-04-03 14:34:59,,,
1562d3a2-398c-4004-b0e1-7f6cdf6879a3,,LACMain,,2025-04-03 14:34:59,,,
1562d3a2-398c-4004-b0e1-7f6cdf6879a3,Main Number Telephony EP,,LanguageSelectionMenu,2025-04-03 14:34:59,,,
1562d3a2-398c-4004-b0e1-7f6cdf6879a3,Main Number Telephony EP,LACMain,,2025-04-03 14:35:00,,,
1562d3a2-398c-4004-b0e1-7f6cdf6879a3,Main Number Telephony EP,,MainMenu,2025-04-03 14:35:11,,,
1562d3a2-398c-4004-b0e1-7f6cdf6879a3,Main Number Telephony EP,,ComplimentOrComplaintMenu,2025-04-03 14:36:05,,,
1562d3a2-398c-4004-b0e1-7f6cdf6879a3,Main Number Telephony EP,,FrontDeskTransfer2,2025-04-03 14:36:22,,,
1562d3a2-398c-4004-b0e1-7f6cdf6879a3,,,,2025-04-03 14:36:22,Front Desk Transfer,,
1562d3a2-398c-4004-b0e1-7f6cdf6879a3,Main Number Telephony EP,,,2025-04-03 14:36:22,,,
1562d3a2-398c-4004-b0e1-7f6cdf6879a3,Main Number Telephony EP,,,2025-04-03 14:36:22,Front Desk Transfer,CBT Agent,
1562d3a2-398c-4004-b0e1-7f6cdf6879a3,Main Number Telephony EP,,,2025-04-03 14:36:29,Front Desk Transfer,CBT Agent,
1562d3a2-398c-4004-b0e1-7f6cdf6879a3,Main Number Telephony EP,,,2025-04-03 14:39:29,Front Desk Transfer,CBT Agent,Customer Left
1b12b7ed-c50e-4aa9-9348-221e174b3c78,Main Number Telephony EP,,,2025-04-21 15:57:47,,,
1b12b7ed-c50e-4aa9-9348-221e174b3c78,,LACMain,,2025-04-21 15:57:47,,,
1b12b7ed-c50e-4aa9-9348-221e174b3c78,Main Number Telephony EP,,LanguageSelectionMenu,2025-04-21 15:57:47,,,
1b12b7ed-c50e-4aa9-9348-221e174b3c78,Main Number Telephony EP,LACMain,,2025-04-21 15:57:47,,,
1b12b7ed-c50e-4aa9-9348-221e174b3c78,Main Number Telephony EP,,LanguageSelectionMenu,2025-04-21 15:58:06,,,
1b12b7ed-c50e-4aa9-9348-221e174b3c78,Main Number Telephony EP,,MainMenu,2025-04-21 15:58:07,,,
1b12b7ed-c50e-4aa9-9348-221e174b3c78,Main Number Telephony EP,,ComplimentOrComplaintMenu,2025-04-21 15:58:52,,,
1b12b7ed-c50e-4aa9-9348-221e174b3c78,Main Number Telephony EP,,FrontDeskTransfer2,2025-04-21 15:59:07,,,
1b12b7ed-c50e-4aa9-9348-221e174b3c78,,,,2025-04-21 15:59:07,Front Desk Transfer,,
1b12b7ed-c50e-4aa9-9348-221e174b3c78,Main Number Telephony EP,,,2025-04-21 15:59:07,,,
1b12b7ed-c50e-4aa9-9348-221e174b3c78,Main Number Telephony EP,,,2025-04-21 15:59:07,Front Desk Transfer,CBT Agent,
1b12b7ed-c50e-4aa9-9348-221e174b3c78,Main Number Telephony EP,,,2025-04-21 15:59:10,Front Desk Transfer,CBT Agent,
1b12b7ed-c50e-4aa9-9348-221e174b3c78,Main Number Telephony EP,,,2025-04-21 16:00:53,Front Desk Transfer,CBT Agent,Agent Left
a0887f91-11ab-40c4-8cd8-f4328f26e7a7,Main Number Telephony EP,,,2025-04-22 12:48:57,,,
a0887f91-11ab-40c4-8cd8-f4328f26e7a7,,LACMain,,2025-04-22 12:48:57,,,
a0887f91-11ab-40c4-8cd8-f4328f26e7a7,Main Number Telephony EP,,LanguageSelectionMenu,2025-04-22 12:48:57,,,
a0887f91-11ab-40c4-8cd8-f4328f26e7a7,Main Number Telephony EP,LACMain,,2025-04-22 12:48:58,,,
a0887f91-11ab-40c4-8cd8-f4328f26e7a7,Main Number Telephony EP,,MainMenu,2025-04-22 12:49:10,,,
a0887f91-11ab-40c4-8cd8-f4328f26e7a7,Main Number Telephony EP,,ComplimentOrComplaintMenu,2025-04-22 12:49:50,,,
a0887f91-11ab-40c4-8cd8-f4328f26e7a7,Main Number Telephony EP,,FrontDeskTransfer2,2025-04-22 12:50:08,,,
a0887f91-11ab-40c4-8cd8-f4328f26e7a7,Main Number Telephony EP,,,2025-04-22 12:50:08,,,
a0887f91-11ab-40c4-8cd8-f4328f26e7a7,,,,2025-04-22 12:50:08,Front Desk Transfer,,
a0887f91-11ab-40c4-8cd8-f4328f26e7a7,Main Number Telephony EP,,,2025-04-22 12:50:08,Front Desk Transfer,CBT Agent,
a0887f91-11ab-40c4-8cd8-f4328f26e7a7,Main Number Telephony EP,,,2025-04-22 12:50:26,Front Desk Transfer,CBT Agent,
a0887f91-11ab-40c4-8cd8-f4328f26e7a7,Main Number Telephony EP,,,2025-04-22 12:51:05,Front Desk Transfer,CBT Agent,Customer Left
9440732d-9dee-40d0-830c-3622f61c6a99,Main Number Telephony EP,,,2025-04-23 08:42:10,,,
9440732d-9dee-40d0-830c-3622f61c6a99,,LACMain,,2025-04-23 08:42:10,,,
9440732d-9dee-40d0-830c-3622f61c6a99,Main Number Telephony EP,,LanguageSelectionMenu,2025-04-23 08:42:10,,,
9440732d-9dee-40d0-830c-3622f61c6a99,Main Number Telephony EP,LACMain,,2025-04-23 08:42:10,,,
9440732d-9dee-40d0-830c-3622f61c6a99,Main Number Telephony EP,,MainMenu,2025-04-23 08:42:18,,,
9440732d-9dee-40d0-830c-3622f61c6a99,Main Number Telephony EP,,ComplimentOrComplaintMenu,2025-04-23 08:43:17,,,
9440732d-9dee-40d0-830c-3622f61c6a99,,ClosedHoursHolidaysMenu,,2025-04-23 08:43:41,,,
9440732d-9dee-40d0-830c-3622f61c6a99,Closed Hours-Holidays Menu Telephony EP,,ClosedMenu,2025-04-23 08:43:41,,,
9440732d-9dee-40d0-830c-3622f61c6a99,Closed Hours-Holidays Menu Telephony EP,,AddressFaxHoursMenu,2025-04-23 08:44:41,,,
9440732d-9dee-40d0-830c-3622f61c6a99,Closed Hours-Holidays Menu Telephony EP,,ClosedMenu,2025-04-23 08:45:13,,,
9440732d-9dee-40d0-830c-3622f61c6a99,Closed Hours-Holidays Menu Telephony EP,,StaffDirectorySpanishTransfer,2025-04-23 08:45:33,,,
9440732d-9dee-40d0-830c-3622f61c6a99,,,,2025-04-23 08:45:33,Staff Directory Spanish Transfer,,
9440732d-9dee-40d0-830c-3622f61c6a99,Closed Hours-Holidays Menu Telephony EP,,,2025-04-23 08:45:33,,,
9440732d-9dee-40d0-830c-3622f61c6a99,Closed Hours-Holidays Menu Telephony EP,,,2025-04-23 08:45:33,Staff Directory Spanish Transfer,CBT Agent,
9440732d-9dee-40d0-830c-3622f61c6a99,Closed Hours-Holidays Menu Telephony EP,,,2025-04-23 08:45:34,Staff Directory Spanish Transfer,CBT Agent,
9440732d-9dee-40d0-830c-3622f61c6a99,Closed Hours-Holidays Menu Telephony EP,,,2025-04-23 08:46:22,Staff Directory Spanish Transfer,CBT Agent,Customer Left
7f8ac97f-5177-441e-8a23-899cca93b6a3,Main Number Telephony EP,,,2025-04-25 08:49:41,,,
7f8ac97f-5177-441e-8a23-899cca93b6a3,,LACMain,,2025-04-25 08:49:41,,,
7f8ac97f-5177-441e-8a23-899cca93b6a3,Main Number Telephony EP,,LanguageSelectionMenu,2025-04-25 08:49:41,,,
7f8ac97f-5177-441e-8a23-899cca93b6a3,Main Number Telephony EP,LACMain,,2025-04-25 08:49:42,,,
7f8ac97f-5177-441e-8a23-899cca93b6a3,Main Number Telephony EP,,MainMenu,2025-04-25 08:49:53,,,
7f8ac97f-5177-441e-8a23-899cca93b6a3,Main Number Telephony EP,,ComplimentOrComplaintMenu,2025-04-25 08:50:42,,,
7f8ac97f-5177-441e-8a23-899cca93b6a3,Main Number Telephony EP,,FrontDeskTransfer2,2025-04-25 08:50:59,,,
7f8ac97f-5177-441e-8a23-899cca93b6a3,,,,2025-04-25 08:50:59,Front Desk Transfer,,
7f8ac97f-5177-441e-8a23-899cca93b6a3,Main Number Telephony EP,,,2025-04-25 08:50:59,,,
7f8ac97f-5177-441e-8a23-899cca93b6a3,Main Number Telephony EP,,,2025-04-25 08:50:59,Front Desk Transfer,CBT Agent,
7f8ac97f-5177-441e-8a23-899cca93b6a3,Main Number Telephony EP,,,2025-04-25 08:51:06,Front Desk Transfer,CBT Agent,
7f8ac97f-5177-441e-8a23-899cca93b6a3,Main Number Telephony EP,,,2025-04-25 09:01:30,Front Desk Transfer,CBT Agent,Customer Left
a90720de-2c62-4b7e-a0cc-408704d814eb,Main Number Telephony EP,,,2025-04-28 09:05:26,,,
a90720de-2c62-4b7e-a0cc-408704d814eb,,LACMain,,2025-04-28 09:05:26,,,
a90720de-2c62-4b7e-a0cc-408704d814eb,Main Number Telephony EP,,LanguageSelectionMenu,2025-04-28 09:05:26,,,
a90720de-2c62-4b7e-a0cc-408704d814eb,Main Number Telephony EP,LACMain,,2025-04-28 09:05:26,,,
a90720de-2c62-4b7e-a0cc-408704d814eb,Main Number Telephony EP,,MainMenu,2025-04-28 09:05:37,,,
a90720de-2c62-4b7e-a0cc-408704d814eb,Main Number Telephony EP,,ComplimentOrComplaintMenu,2025-04-28 09:06:20,,,
a90720de-2c62-4b7e-a0cc-408704d814eb,Main Number Telephony EP,,FrontDeskTransfer2,2025-04-28 09:06:38,,,
a90720de-2c62-4b7e-a0cc-408704d814eb,,,,2025-04-28 09:06:38,Front Desk Transfer,,
a90720de-2c62-4b7e-a0cc-408704d814eb,Main Number Telephony EP,,,2025-04-28 09:06:38,,,
a90720de-2c62-4b7e-a0cc-408704d814eb,Main Number Telephony EP,,,2025-04-28 09:06:38,Front Desk Transfer,CBT Agent,
a90720de-2c62-4b7e-a0cc-408704d814eb,Main Number Telephony EP,,,2025-04-28 09:06:41,Front Desk Transfer,CBT Agent,
a90720de-2c62-4b7e-a0cc-408704d814eb,Main Number Telephony EP,,,2025-04-28 09:14:09,Front Desk Transfer,CBT Agent,Customer Left
1d3532c0-cf22-4181-831b-2743ffe33f51,Main Number Telephony EP,,,2025-04-28 12:09:47,,,
1d3532c0-cf22-4181-831b-2743ffe33f51,,LACMain,,2025-04-28 12:09:47,,,
1d3532c0-cf22-4181-831b-2743ffe33f51,Main Number Telephony EP,,LanguageSelectionMenu,2025-04-28 12:09:47,,,
1d3532c0-cf22-4181-831b-2743ffe33f51,Main Number Telephony EP,LACMain,,2025-04-28 12:09:47,,,
1d3532c0-cf22-4181-831b-2743ffe33f51,Main Number Telephony EP,,MainMenu,2025-04-28 12:09:59,,,
1d3532c0-cf22-4181-831b-2743ffe33f51,Main Number Telephony EP,,ComplimentOrComplaintMenu,2025-04-28 12:10:45,,,
1d3532c0-cf22-4181-831b-2743ffe33f51,Main Number Telephony EP,,FrontDeskTransfer2,2025-04-28 12:11:02,,,
1d3532c0-cf22-4181-831b-2743ffe33f51,,,,2025-04-28 12:11:02,Front Desk Transfer,,
1d3532c0-cf22-4181-831b-2743ffe33f51,Main Number Telephony EP,,,2025-04-28 12:11:02,,,
1d3532c0-cf22-4181-831b-2743ffe33f51,Main Number Telephony EP,,,2025-04-28 12:11:02,Front Desk Transfer,CBT Agent,
1d3532c0-cf22-4181-831b-2743ffe33f51,Main Number Telephony EP,,,2025-04-28 12:11:20,Front Desk Transfer,CBT Agent,
1d3532c0-cf22-4181-831b-2743ffe33f51,Main Number Telephony EP,,,2025-04-28 12:11:32,Front Desk Transfer,CBT Agent,Customer Left
a86d05df-7f79-4fcb-89ea-55cd8e015582,Main Number Telephony EP,,,2025-04-29 13:08:41,,,
a86d05df-7f79-4fcb-89ea-55cd8e015582,,LACMain,,2025-04-29 13:08:41,,,
a86d05df-7f79-4fcb-89ea-55cd8e015582,Main Number Telephony EP,,LanguageSelectionMenu,2025-04-29 13:08:41,,,
a86d05df-7f79-4fcb-89ea-55cd8e015582,Main Number Telephony EP,LACMain,,2025-04-29 13:08:41,,,
a86d05df-7f79-4fcb-89ea-55cd8e015582,Main Number Telephony EP,,MainMenu,2025-04-29 13:08:47,,,
a86d05df-7f79-4fcb-89ea-55cd8e015582,Main Number Telephony EP,,ComplimentOrComplaintMenu,2025-04-29 13:09:08,,,
a86d05df-7f79-4fcb-89ea-55cd8e015582,Main Number Telephony EP,,,2025-04-29 13:09:16,,,Customer Left
